latitude,longitude,intensity
34.0,55.0,30.624036392669368
34.1,55.0,31.713187029608946
34.2,55.0,32.9001118251588
34.300000000000004,55.0,34.18449390513659
34.400000000000006,55.0,35.3962891673893
34.50000000000001,55.0,36.350130366456966
34.60000000000001,55.0,36.99088257236109
34.70000000000001,55.0,37.33823017267635
34.80000000000001,55.0,37.43448670889214
34.90000000000001,55.0,37.33000000000152
35.000000000000014,55.0,37.06000000002901
35.100000000000016,55.0,36.73037159505945
35.20000000000002,55.0,36.64000000002113
35.30000000000002,55.0,36.480000000005546
35.40000000000002,55.0,36.53856591426056
35.50000000000002,55.0,36.602368013118394
35.60000000000002,55.0,36.40066309794449
35.700000000000024,55.0,35.96514443378457
35.800000000000026,55.0,35.41518893128536
35.90000000000003,55.0,34.803819336443524
36.00000000000003,55.0,34.11999999999311
36.10000000000003,55.0,33.33999999995309
36.20000000000003,55.0,32.54999999997651
36.30000000000003,55.0,31.92704423906042
36.400000000000034,55.0,31.269999999953498
36.500000000000036,55.0,30.419999999950143
36.60000000000004,55.0,29.630114880024678
36.70000000000004,55.0,28.80999999993994
36.80000000000004,55.0,27.775193950295247
36.90000000000004,55.0,26.429999999882007
37.00000000000004,55.0,24.7440184420781
37.100000000000044,55.0,22.868318748612516
34.1,55.1,32.18927974841675
34.300000000000004,55.1,34.83748786364245
34.400000000000006,55.1,36.15000000004409
34.50000000000001,55.1,37.14582601481523
34.60000000000001,55.1,37.78502858272648
34.70000000000001,55.1,38.09972574065523
34.80000000000001,55.1,38.145354608802975
34.90000000000001,55.1,37.977038945031765
35.000000000000014,55.1,37.622670897260036
35.100000000000016,55.1,37.23000000003398
35.20000000000002,55.1,37.217240882481335
35.30000000000002,55.1,37.22106523226762
35.40000000000002,55.1,37.310009062161015
35.50000000000002,55.1,37.34999999999552
35.60000000000002,55.1,37.061585970404295
35.700000000000024,55.1,36.56756352564307
35.800000000000026,55.1,36.01913792334091
35.90000000000003,55.1,35.45229080923265
36.00000000000003,55.1,34.83999999996942
36.10000000000003,55.1,34.15568462819368
36.20000000000003,55.1,33.46999999999356
36.30000000000003,55.1,32.85624435240821
36.400000000000034,55.1,32.17817685981305
36.500000000000036,55.1,31.34631841431817
36.60000000000004,55.1,30.484910960922647
36.70000000000004,55.1,29.559151120808743
36.80000000000004,55.1,28.426646287778482
36.90000000000004,55.1,26.97875551595154
37.00000000000004,55.1,25.203982955220752
37.100000000000044,55.1,23.28493255427751
34.0,55.2,31.571853675196238
34.2,55.2,34.14185456648386
34.300000000000004,55.2,35.61196928050124
34.400000000000006,55.2,36.969999999997114
34.50000000000001,55.2,38.01447728612243
34.60000000000001,55.2,38.672321014747425
34.70000000000001,55.2,38.98700032275853
34.80000000000001,55.2,39.03633945000763
34.90000000000001,55.2,38.908979364839155
35.000000000000014,55.2,38.70800542483248
35.100000000000016,55.2,38.55000000000155
35.20000000000002,55.2,38.31847424259578
35.30000000000002,55.2,38.18629400804995
35.40000000000002,55.2,38.120713649483726
35.50000000000002,55.2,37.99029741314856
35.60000000000002,55.2,37.64668772364899
35.700000000000024,55.2,37.15906413970402
35.800000000000026,55.2,36.66165558865894
35.90000000000003,55.2,36.15171758989543
36.00000000000003,55.2,35.61773574982988
36.10000000000003,55.2,35.05708747494791
36.20000000000003,55.2,34.494224521677374
36.30000000000003,55.2,33.909812884840925
36.400000000000034,55.2,33.21632886710152
36.500000000000036,55.2,32.37607241780319
36.60000000000004,55.2,31.4367562654435
36.70000000000004,55.2,30.39730485314236
36.80000000000004,55.2,29.179999999989896
36.90000000000004,55.2,27.669612118595325
37.00000000000004,55.2,25.789999999951753
37.100000000000044,55.2,23.81439908336752
34.0,55.300000000000004,32.16069117673521
34.1,55.300000000000004,33.480512822898234
34.2,55.300000000000004,34.94109747139264
34.300000000000004,55.300000000000004,36.476336486766286
34.400000000000006,55.300000000000004,37.89000000001417
34.50000000000001,55.300000000000004,38.95881607190215
34.60000000000001,55.300000000000004,39.64390270287333
34.70000000000001,55.300000000000004,39.98850452552901
34.80000000000001,55.300000000000004,40.07784956215896
34.90000000000001,55.300000000000004,40.01694209688664
35.000000000000014,55.300000000000004,39.881179970398506
35.100000000000016,55.300000000000004,39.670000000001146
35.20000000000002,55.300000000000004,39.47519959894078
35.30000000000002,55.300000000000004,39.21814086955472
35.40000000000002,55.300000000000004,38.93611213592094
35.50000000000002,55.300000000000004,38.63409914722252
35.60000000000002,55.300000000000004,38.29948081749965
35.700000000000024,55.300000000000004,37.8999999999973
35.800000000000026,55.300000000000004,37.470524293667175
35.90000000000003,55.300000000000004,36.98000000003308
36.00000000000003,55.300000000000004,36.48611197071619
36.10000000000003,55.300000000000004,36.004310910370144
36.20000000000003,55.300000000000004,35.55823784167385
36.30000000000003,55.300000000000004,35.0380495254828
36.400000000000034,55.300000000000004,34.340070185126386
36.500000000000036,55.300000000000004,33.449723070190075
36.60000000000004,55.300000000000004,32.414901793261215
36.70000000000004,55.300000000000004,31.2783781940075
36.80000000000004,55.300000000000004,30.020117349763716
36.90000000000004,55.300000000000004,28.499999999945388
37.00000000000004,55.300000000000004,26.563861287743443
37.100000000000044,55.300000000000004,24.491339210531237
34.0,55.400000000000006,32.807298656489394
34.1,55.400000000000006,34.21393945217709
34.2,55.400000000000006,35.739525882905085
34.300000000000004,55.400000000000006,37.316360788349044
34.400000000000006,55.400000000000006,38.772693116076766
34.50000000000001,55.400000000000006,39.91297306739541
34.60000000000001,55.400000000000006,40.66808929484458
34.70000000000001,55.400000000000006,41.07582415612433
34.80000000000001,55.400000000000006,41.2284733244157
34.90000000000001,55.400000000000006,41.240000000036545
35.000000000000014,55.400000000000006,41.19282502521412
35.100000000000016,55.400000000000006,41.04999999998094
35.20000000000002,55.400000000000006,40.724727971940005
35.30000000000002,55.400000000000006,40.2880381855041
35.40000000000002,55.400000000000006,39.79709455001282
35.50000000000002,55.400000000000006,39.3400000000426
35.60000000000002,55.400000000000006,39.044550800846444
35.700000000000024,55.400000000000006,38.82000000001435
35.800000000000026,55.400000000000006,38.386475149479175
35.90000000000003,55.400000000000006,37.90336083208742
36.00000000000003,55.400000000000006,37.41718602059721
36.10000000000003,55.400000000000006,36.932706206079224
36.20000000000003,55.400000000000006,36.609999999976615
36.30000000000003,55.400000000000006,36.18930440114524
36.400000000000034,55.400000000000006,35.49293849453813
36.500000000000036,55.400000000000006,34.51723063165062
36.60000000000004,55.400000000000006,33.342597753595776
36.70000000000004,55.400000000000006,32.06164296830248
36.80000000000004,55.400000000000006,30.695538536156086
36.90000000000004,55.400000000000006,29.120636076630603
37.00000000000004,55.400000000000006,27.22701458770765
37.100000000000044,55.400000000000006,25.16396064901896
34.0,55.50000000000001,33.46823427497175
34.1,55.50000000000001,34.9310131867982
34.2,55.50000000000001,36.492242400101645
34.300000000000004,55.50000000000001,38.09998417679783
34.400000000000006,55.50000000000001,39.62063200515108
34.50000000000001,55.50000000000001,40.86487383454755
34.60000000000001,55.50000000000001,41.721824677398175
34.70000000000001,55.50000000000001,42.21670993346349
34.80000000000001,55.50000000000001,42.44775165860881
34.90000000000001,55.50000000000001,42.528151496625554
35.000000000000014,55.50000000000001,42.519707143941375
35.100000000000016,55.50000000000001,42.35333027697608
35.20000000000002,55.50000000000001,41.93734008626709
35.30000000000002,55.50000000000001,41.345982371976724
35.40000000000002,55.50000000000001,40.69000000003566
35.50000000000002,55.50000000000001,40.082421544029195
35.60000000000002,55.50000000000001,39.67000000003652
35.700000000000024,55.50000000000001,39.418392631164146
35.800000000000026,55.50000000000001,39.0654695516855
35.90000000000003,55.50000000000001,38.69050377636649
36.00000000000003,55.50000000000001,38.3299999999771
36.10000000000003,55.50000000000001,37.859999999978406
36.20000000000003,55.50000000000001,37.674181468270326
36.30000000000003,55.50000000000001,37.363164068298865
36.400000000000034,55.50000000000001,36.648010852542704
36.500000000000036,55.50000000000001,35.550134996449245
36.60000000000004,55.50000000000001,34.195575423106824
36.70000000000004,55.50000000000001,32.719999999921015
36.80000000000004,55.50000000000001,31.191174930465955
36.90000000000004,55.50000000000001,29.550000000000452
37.00000000000004,55.50000000000001,27.72695284313523
37.100000000000044,55.50000000000001,25.762124539573705
34.0,55.60000000000001,34.11751207127543
34.1,55.60000000000001,35.624070317097065
34.2,55.60000000000001,37.21258528109392
34.300000000000004,55.60000000000001,38.853033993651025
34.400000000000006,55.60000000000001,40.461480562151536
34.50000000000001,55.60000000000001,41.82063180694324
34.60000000000001,55.60000000000001,42.77976371173611
34.70000000000001,55.60000000000001,43.3732869133149
34.80000000000001,55.60000000000001,43.68340531925155
34.90000000000001,55.60000000000001,43.794892566638524
35.000000000000014,55.60000000000001,43.75927218585136
35.100000000000016,55.60000000000001,43.516022093682466
35.20000000000002,55.60000000000001,43.01165160129666
35.30000000000002,55.60000000000001,42.30796419480484
35.40000000000002,55.60000000000001,41.52881368298523
35.50000000000002,55.60000000000001,40.80851189777242
35.60000000000002,55.60000000000001,40.26888422183286
35.700000000000024,55.60000000000001,39.903191737977465
35.800000000000026,55.60000000000001,39.582700008923126
35.90000000000003,55.60000000000001,39.31999999998412
36.00000000000003,55.60000000000001,39.16636274998888
36.10000000000003,55.60000000000001,38.99709363351238
36.20000000000003,55.60000000000001,38.90013540250855
36.30000000000003,55.60000000000001,38.568968218796456
36.400000000000034,55.60000000000001,37.76294666747381
36.500000000000036,55.60000000000001,36.523666038373555
36.60000000000004,55.60000000000001,35.00000000002349
36.70000000000004,55.60000000000001,33.358915673478386
36.80000000000004,55.60000000000001,31.68279344034022
36.90000000000004,55.60000000000001,29.969999999959292
37.00000000000004,55.60000000000001,28.234075272707443
37.100000000000044,55.60000000000001,26.370471804511347
34.0,55.70000000000001,34.72820369210244
34.1,55.70000000000001,36.287534745288895
34.2,55.70000000000001,37.93456751294204
34.300000000000004,55.70000000000001,39.62000000001005
34.400000000000006,55.70000000000001,41.288261863289236
34.50000000000001,55.70000000000001,42.720000000020804
34.60000000000001,55.70000000000001,43.77573029606019
34.70000000000001,55.70000000000001,44.512826352171956
34.80000000000001,55.70000000000001,44.93026765849001
34.90000000000001,55.70000000000001,45.05000000003241
35.000000000000014,55.70000000000001,44.95342175662803
35.100000000000016,55.70000000000001,44.597043539300884
35.20000000000002,55.70000000000001,43.96498740686417
35.30000000000002,55.70000000000001,43.14072559786588
35.40000000000002,55.70000000000001,42.26069868886951
35.50000000000002,55.70000000000001,41.46615346559037
35.60000000000002,55.70000000000001,40.858318184927526
35.700000000000024,55.70000000000001,40.445693395979205
35.800000000000026,55.70000000000001,40.18521687269897
35.90000000000003,55.70000000000001,40.07903416093498
36.00000000000003,55.70000000000001,40.084371922885325
36.10000000000003,55.70000000000001,40.0639984294548
36.20000000000003,55.70000000000001,39.9799999999847
36.30000000000003,55.70000000000001,39.59000000001686
36.400000000000034,55.70000000000001,38.711274770140406
36.500000000000036,55.70000000000001,37.37999999997172
36.60000000000004,55.70000000000001,35.7514290439708
36.70000000000004,55.70000000000001,34.02873988392931
36.80000000000004,55.70000000000001,32.33385506527331
36.90000000000004,55.70000000000001,30.66338008097103
37.00000000000004,55.70000000000001,28.940550480337464
37.100000000000044,55.70000000000001,27.0856427816289
34.0,55.80000000000001,35.249999999982464
34.1,55.80000000000001,36.85609177802637
34.2,55.80000000000001,38.594512691024775
34.300000000000004,55.80000000000001,40.380000000023614
34.400000000000006,55.80000000000001,42.01714100306668
34.50000000000001,55.80000000000001,43.445658395163505
34.60000000000001,55.80000000000001,44.64669077054438
34.70000000000001,55.80000000000001,45.629701581375855
34.80000000000001,55.80000000000001,46.20616873522739
34.90000000000001,55.80000000000001,46.31659280618361
35.000000000000014,55.80000000000001,46.10484573647392
35.100000000000016,55.80000000000001,45.581751676591495
35.20000000000002,55.80000000000001,44.77035051573806
35.30000000000002,55.80000000000001,43.80162316041236
35.40000000000002,55.80000000000001,42.824700897678355
35.50000000000002,55.80000000000001,41.98440760323625
35.60000000000002,55.80000000000001,41.38095612877085
35.700000000000024,55.80000000000001,41.010223878360904
35.800000000000026,55.80000000000001,40.846693556688024
35.90000000000003,55.80000000000001,40.89671778606153
36.00000000000003,55.80000000000001,41.019999999977614
36.10000000000003,55.80000000000001,40.95698916136246
36.20000000000003,55.80000000000001,40.689999999951695
36.30000000000003,55.80000000000001,40.29719520080384
36.400000000000034,55.80000000000001,39.437722869637355
36.500000000000036,55.80000000000001,38.081265893168585
36.60000000000004,55.80000000000001,36.41476738029739
36.70000000000004,55.80000000000001,34.68920981034706
36.80000000000004,55.80000000000001,33.07268981521392
36.90000000000004,55.80000000000001,31.50999999991773
37.00000000000004,55.80000000000001,29.78763081208855
37.100000000000044,55.80000000000001,27.886678635390787
34.0,55.90000000000001,35.62947596078574
34.1,55.90000000000001,37.22785543013387
34.2,55.90000000000001,38.99024461405389
34.300000000000004,55.90000000000001,40.820952469971886
34.400000000000006,55.90000000000001,42.53281025912678
34.50000000000001,55.90000000000001,44.061822808346676
34.60000000000001,55.90000000000001,45.45999999997879
34.70000000000001,55.90000000000001,46.74184112681938
34.80000000000001,55.90000000000001,47.44794137485502
34.90000000000001,55.90000000000001,47.430831329091035
35.000000000000014,55.90000000000001,47.087871041771436
35.100000000000016,55.90000000000001,46.363987679621644
35.20000000000002,55.90000000000001,45.33287617776833
35.30000000000002,55.90000000000001,44.21694090508082
35.40000000000002,55.90000000000001,43.14699799328021
35.50000000000002,55.90000000000001,42.27552934101735
35.60000000000002,55.90000000000001,41.756485341826874
35.700000000000024,55.90000000000001,41.515430697908826
35.800000000000026,55.90000000000001,41.44504408729169
35.90000000000003,55.90000000000001,41.639644046478566
36.00000000000003,55.90000000000001,41.90829558436924
36.10000000000003,55.90000000000001,41.913162678416754
36.20000000000003,55.90000000000001,41.58802717824892
36.30000000000003,55.90000000000001,41.022273201618844
36.400000000000034,55.90000000000001,40.059829198095414
36.500000000000036,55.90000000000001,38.6820622278948
36.60000000000004,55.90000000000001,37.00895109108373
36.70000000000004,55.90000000000001,35.309999999963615
36.80000000000004,55.90000000000001,33.819999999902635
36.90000000000004,55.90000000000001,32.348523206455845
37.00000000000004,55.90000000000001,30.629999999963445
37.100000000000044,55.90000000000001,28.679580964385785
34.0,56.000000000000014,35.8627494203011
34.1,56.000000000000014,37.394390002657715
34.2,56.000000000000014,39.129999999986
34.300000000000004,56.000000000000014,41.018643768589925
34.400000000000006,56.000000000000014,42.88571293326177
34.50000000000001,56.000000000000014,44.63002388047208
34.60000000000001,56.000000000000014,46.266429383458956
34.70000000000001,56.000000000000014,47.702830416304124
34.80000000000001,56.000000000000014,48.439999999969345
34.90000000000001,56.000000000000014,48.17999999999161
35.000000000000014,56.000000000000014,47.730000000018805
35.100000000000016,56.000000000000014,46.77308034246005
35.20000000000002,56.000000000000014,45.53128303021238
35.30000000000002,56.000000000000014,44.326239719027654
35.40000000000002,56.000000000000014,43.18476235606431
35.50000000000002,56.000000000000014,42.24999999999882
35.60000000000002,56.000000000000014,41.9007763252461
35.700000000000024,56.000000000000014,41.92000000002383
35.800000000000026,56.000000000000014,41.949999999981486
35.90000000000003,56.000000000000014,42.278184074582484
36.00000000000003,56.000000000000014,42.71166414455752
36.10000000000003,56.000000000000014,42.82754593714978
36.20000000000003,56.000000000000014,42.396431511960756
36.30000000000003,56.000000000000014,41.600000000009814
36.400000000000034,56.000000000000014,40.511672514679134
36.500000000000036,56.000000000000014,39.19422512548936
36.60000000000004,56.000000000000014,37.61930656620508
36.70000000000004,56.000000000000014,35.94999999995273
36.80000000000004,56.000000000000014,34.63999999998663
36.90000000000004,56.000000000000014,33.162438545802296
37.00000000000004,56.000000000000014,31.389999999998835
37.100000000000044,56.000000000000014,29.373605778479096
34.0,56.100000000000016,35.988026646339435
34.1,56.100000000000016,37.420065841518806
34.2,56.100000000000016,39.128254234179764
34.300000000000004,56.100000000000016,41.08539523816113
34.400000000000006,56.100000000000016,43.108019143959226
34.50000000000001,56.100000000000016,45.02872285131187
34.60000000000001,56.100000000000016,46.77000000002862
34.70000000000001,56.100000000000016,48.16420680227539
34.80000000000001,56.100000000000016,48.80612466580388
34.90000000000001,56.100000000000016,48.57204708850179
35.000000000000014,56.100000000000016,47.87151822052495
35.100000000000016,56.100000000000016,46.72298794260182
35.20000000000002,56.100000000000016,45.3499999999724
35.30000000000002,56.100000000000016,44.12516455449618
35.40000000000002,56.100000000000016,42.980000000018364
35.50000000000002,56.100000000000016,41.970000000004234
35.60000000000002,56.100000000000016,41.846063250048324
35.700000000000024,56.100000000000016,42.150000000016725
35.800000000000026,56.100000000000016,42.38000000000785
35.90000000000003,56.100000000000016,42.724981453893825
36.00000000000003,56.100000000000016,43.20148407002936
36.10000000000003,56.100000000000016,43.36000000001116
36.20000000000003,56.100000000000016,42.771790666998946
36.30000000000003,56.100000000000016,41.75999999995934
36.400000000000034,56.100000000000016,40.70228395315258
36.500000000000036,56.100000000000016,39.49527971294307
36.60000000000004,56.100000000000016,38.149999999951596
36.70000000000004,56.100000000000016,36.67354974980471
36.80000000000004,56.100000000000016,35.318247000896555
36.90000000000004,56.100000000000016,33.780009455579886
37.00000000000004,56.100000000000016,31.947728919945824
37.100000000000044,56.100000000000016,29.88606927871909
34.0,56.20000000000002,36.04890286095852
34.1,56.20000000000002,37.34970475798956
34.2,56.20000000000002,39.02369602513939
34.300000000000004,56.20000000000002,41.03731377018951
34.400000000000006,56.20000000000002,43.15999999999826
34.50000000000001,56.20000000000002,45.15267484690135
34.60000000000001,56.20000000000002,46.87920507912318
34.70000000000001,56.20000000000002,48.149446496974974
34.80000000000001,56.20000000000002,48.70379469762436
34.90000000000001,56.20000000000002,48.4720554966696
35.000000000000014,56.20000000000002,47.63098336525809
35.100000000000016,56.20000000000002,46.36209047425402
35.20000000000002,56.20000000000002,44.93822924917178
35.30000000000002,56.20000000000002,43.64881275507162
35.40000000000002,56.20000000000002,42.54746834877491
35.50000000000002,56.20000000000002,41.803806929769095
35.60000000000002,56.20000000000002,41.78680890639476
35.700000000000024,56.20000000000002,42.17233260377312
35.800000000000026,56.20000000000002,42.50986292406758
35.90000000000003,56.20000000000002,42.83000000001892
36.00000000000003,56.20000000000002,43.209152445762435
36.10000000000003,56.20000000000002,43.26602486953953
36.20000000000003,56.20000000000002,42.769543425575655
36.30000000000003,56.20000000000002,41.929254461696225
36.400000000000034,56.20000000000002,40.86648496122546
36.500000000000036,56.20000000000002,39.58266160865891
36.60000000000004,56.20000000000002,38.24999999993256
36.70000000000004,56.20000000000002,37.13350503578164
36.80000000000004,56.20000000000002,35.80442508039712
36.90000000000004,56.20000000000002,34.15997067616807
37.00000000000004,56.20000000000002,32.274245785695435
37.100000000000044,56.20000000000002,30.195954470112525
34.0,56.30000000000002,36.069999999967024
34.1,56.30000000000002,37.25000000000615
34.2,56.30000000000002,38.89084438469716
34.300000000000004,56.30000000000002,40.89999999999071
34.400000000000006,56.30000000000002,43.01793417255877
34.50000000000001,56.30000000000002,44.98675110544137
34.60000000000001,56.30000000000002,46.63245381934786
34.70000000000001,56.30000000000002,47.775750499829
34.80000000000001,56.30000000000002,48.23831620299619
34.90000000000001,56.30000000000002,47.95999999998135
35.000000000000014,56.30000000000002,47.04683044089248
35.100000000000016,56.30000000000002,45.71518728565013
35.20000000000002,56.30000000000002,44.259209741384055
35.30000000000002,56.30000000000002,42.949751326282495
35.40000000000002,56.30000000000002,41.97459139554303
35.50000000000002,56.30000000000002,41.515878709423035
35.60000000000002,56.30000000000002,41.63549187021219
35.700000000000024,56.30000000000002,42.040000000017365
35.800000000000026,56.30000000000002,42.411488337890525
35.90000000000003,56.30000000000002,42.73223406227003
36.00000000000003,56.30000000000002,42.96247563315615
36.10000000000003,56.30000000000002,42.86631609702906
36.20000000000003,56.30000000000002,42.449999999982246
36.30000000000003,56.30000000000002,41.92000000002226
36.400000000000034,56.30000000000002,40.989972797176144
36.500000000000036,56.30000000000002,39.75097391649598
36.60000000000004,56.30000000000002,38.53445214518663
36.70000000000004,56.30000000000002,37.4699999999841
36.80000000000004,56.30000000000002,36.05829032454489
36.90000000000004,56.30000000000002,34.330000000018714
37.00000000000004,56.30000000000002,32.4189625399789
37.100000000000044,56.30000000000002,30.34201980087535
34.0,56.40000000000002,36.00000000006615
34.1,56.40000000000002,37.21260422182553
34.2,56.40000000000002,38.79682352563955
34.300000000000004,56.40000000000002,40.72097196131732
34.400000000000006,56.40000000000002,42.73576961944089
34.50000000000001,56.40000000000002,44.58000000002929
34.60000000000001,56.40000000000002,46.084350777055974
34.70000000000001,56.40000000000002,47.08187228751531
34.80000000000001,56.40000000000002,47.43287204934896
34.90000000000001,56.40000000000002,47.077444503936135
35.000000000000014,56.40000000000002,46.090000000007265
35.100000000000016,56.40000000000002,44.7150020498289
35.20000000000002,56.40000000000002,43.26660360795472
35.30000000000002,56.40000000000002,42.006503098225906
35.40000000000002,56.40000000000002,41.18260484093359
35.50000000000002,56.40000000000002,40.9599999999931
35.60000000000002,56.40000000000002,41.22853160482563
35.700000000000024,56.40000000000002,41.636434007085704
35.800000000000026,56.40000000000002,42.04611933847038
35.90000000000003,56.40000000000002,42.42565621254855
36.00000000000003,56.40000000000002,42.63878428624496
36.10000000000003,56.40000000000002,42.46063464146723
36.20000000000003,56.40000000000002,41.9500000000156
36.30000000000003,56.40000000000002,41.52218769581584
36.400000000000034,56.40000000000002,40.83999999996902
36.500000000000036,56.40000000000002,39.792814215445546
36.60000000000004,56.40000000000002,38.633281328365406
36.70000000000004,56.40000000000002,37.42999999994382
36.80000000000004,56.40000000000002,36.044093839981194
36.90000000000004,56.40000000000002,34.3624935092151
37.00000000000004,56.40000000000002,32.4574621212469
37.100000000000044,56.40000000000002,30.381136733329868
34.0,56.50000000000002,35.82448158565731
34.1,56.50000000000002,37.08261694316762
34.2,56.50000000000002,38.62257691101952
34.300000000000004,56.50000000000002,40.426276291681944
34.400000000000006,56.50000000000002,42.29000000001565
34.50000000000001,56.50000000000002,43.953833462127434
34.60000000000001,56.50000000000002,45.26158772200657
34.70000000000001,56.50000000000002,46.07016796266578
34.80000000000001,56.50000000000002,46.26399757487077
34.90000000000001,56.50000000000002,45.79000000001342
35.000000000000014,56.50000000000002,44.705548793041544
35.100000000000016,56.50000000000002,43.313721438377996
35.20000000000002,56.50000000000002,41.939999999985886
35.30000000000002,56.50000000000002,40.79935696322411
35.40000000000002,56.50000000000002,40.14000000001701
35.50000000000002,56.50000000000002,40.10741604775653
35.60000000000002,56.50000000000002,40.45999999998527
35.700000000000024,56.50000000000002,40.84170409601526
35.800000000000026,56.50000000000002,41.31895635142991
35.90000000000003,56.50000000000002,41.826185919432554
36.00000000000003,56.50000000000002,42.159972440858475
36.10000000000003,56.50000000000002,42.090000000038636
36.20000000000003,56.50000000000002,41.569302300523326
36.30000000000003,56.50000000000002,41.02069130261565
36.400000000000034,56.50000000000002,40.3995519168297
36.500000000000036,56.50000000000002,39.55944746275159
36.60000000000004,56.50000000000002,38.532317468252465
36.70000000000004,56.50000000000002,37.3577889435024
36.80000000000004,56.50000000000002,35.99132393397421
36.90000000000004,56.50000000000002,34.34487142422222
37.00000000000004,56.50000000000002,32.44177801344514
37.100000000000044,56.50000000000002,30.35533858424735
34.0,56.60000000000002,35.54822040576444
34.1,56.60000000000002,36.79575490042478
34.2,56.60000000000002,38.26436501480157
34.300000000000004,56.60000000000002,39.92316790764944
34.400000000000006,56.60000000000002,41.60124817151966
34.50000000000001,56.60000000000002,43.07390051063669
34.60000000000001,56.60000000000002,44.1700333353095
34.70000000000001,56.60000000000002,44.75659176661888
34.80000000000001,56.60000000000002,44.74030040394405
34.90000000000001,56.60000000000002,44.09962630738525
35.000000000000014,56.60000000000002,42.943588640683785
35.100000000000016,56.60000000000002,41.57000000002144
35.20000000000002,56.60000000000002,40.316478406852724
35.30000000000002,56.60000000000002,39.37172454949659
35.40000000000002,56.60000000000002,38.901351969096154
35.50000000000002,56.60000000000002,38.937954972064034
35.60000000000002,56.60000000000002,39.25860942386993
35.700000000000024,56.60000000000002,39.66999999998383
35.800000000000026,56.60000000000002,40.265010242309344
35.90000000000003,56.60000000000002,40.89410220874339
36.00000000000003,56.60000000000002,41.32474404668052
36.10000000000003,56.60000000000002,41.351137467964676
36.20000000000003,56.60000000000002,40.95544665166534
36.30000000000003,56.60000000000002,40.39603615818524
36.400000000000034,56.60000000000002,39.80817506556478
36.500000000000036,56.60000000000002,39.16000000002334
36.60000000000004,56.60000000000002,38.34438974625712
36.70000000000004,56.60000000000002,37.31423168408514
36.80000000000004,56.60000000000002,35.99699986485753
36.90000000000004,56.60000000000002,34.335623661740705
37.00000000000004,56.60000000000002,32.397407916755924
37.100000000000044,56.60000000000002,30.285550381644576
34.0,56.700000000000024,35.21084874723488
34.1,56.700000000000024,36.39036229891049
34.2,56.700000000000024,37.74277876630019
34.300000000000004,56.700000000000024,39.234541569959106
34.400000000000006,56.700000000000024,40.71318417949951
34.50000000000001,56.700000000000024,41.97852480682586
34.60000000000001,56.700000000000024,42.856460588343
34.70000000000001,56.700000000000024,43.212899436469996
34.80000000000001,56.700000000000024,42.97553491090041
34.90000000000001,56.700000000000024,42.17443973558615
35.000000000000014,56.700000000000024,40.975122858924664
35.100000000000016,56.700000000000024,39.667976185719965
35.20000000000002,56.700000000000024,38.551451026868804
35.30000000000002,56.700000000000024,37.80804377545607
35.40000000000002,56.700000000000024,37.516899129802084
35.50000000000002,56.700000000000024,37.613739681415055
35.60000000000002,56.700000000000024,37.94222465178437
35.700000000000024,56.700000000000024,38.41769009784258
35.800000000000026,56.700000000000024,39.050529191179095
35.90000000000003,56.700000000000024,39.70965605289369
36.00000000000003,56.700000000000024,40.177209036090915
36.10000000000003,56.700000000000024,40.28971053965475
36.20000000000003,56.700000000000024,40.063132444067705
36.30000000000003,56.700000000000024,39.6475991012713
36.400000000000034,56.700000000000024,39.179999999996454
36.500000000000036,56.700000000000024,38.7160433024278
36.60000000000004,56.700000000000024,38.10488396451656
36.70000000000004,56.700000000000024,37.24639348057455
36.80000000000004,56.700000000000024,36.01623714386608
36.90000000000004,56.700000000000024,34.31513891974222
37.00000000000004,56.700000000000024,32.319432782569535
37.100000000000044,56.700000000000024,30.17814036072628
34.0,56.800000000000026,34.8811925730801
34.1,56.800000000000026,35.96077797894952
34.2,56.800000000000026,37.159691436049656
34.300000000000004,56.800000000000026,38.460865107193555
34.400000000000006,56.800000000000026,39.71247231693111
34.50000000000001,56.800000000000026,40.74140378479294
34.60000000000001,56.800000000000026,41.39325753522614
34.70000000000001,56.800000000000026,41.53010905303235
34.80000000000001,56.800000000000026,41.08922608819657
34.90000000000001,56.800000000000026,40.14810857426693
35.000000000000014,56.800000000000026,38.921030581505434
35.100000000000016,56.800000000000026,37.6998766682966
35.20000000000002,56.800000000000026,36.75306832942073
35.30000000000002,56.800000000000026,36.21999999999993
35.40000000000002,56.800000000000026,36.10228832850895
35.50000000000002,56.800000000000026,36.27545843864215
35.60000000000002,56.800000000000026,36.6356717758961
35.700000000000024,56.800000000000026,37.1311378274563
35.800000000000026,56.800000000000026,37.73860242165411
35.90000000000003,56.800000000000026,38.362141312302725
36.00000000000003,56.800000000000026,38.84000000000525
36.10000000000003,56.800000000000026,39.0505671012764
36.20000000000003,56.800000000000026,39.045834668616436
36.30000000000003,56.800000000000026,38.907796067019945
36.400000000000034,56.800000000000026,38.681206891946616
36.500000000000036,56.800000000000026,38.36111305973751
36.60000000000004,56.800000000000026,37.84465103378341
36.70000000000004,56.800000000000026,37.07403614447738
36.80000000000004,56.800000000000026,35.95999999995847
36.90000000000004,56.800000000000026,34.230000000008665
37.00000000000004,56.800000000000026,32.19595383836415
37.100000000000044,56.800000000000026,30.034093885929387
34.0,56.90000000000003,34.62396543701479
34.1,56.90000000000003,35.62179407249168
34.2,56.90000000000003,36.66000000007399
34.300000000000004,56.90000000000003,37.71946475018942
34.400000000000006,56.90000000000003,38.66562882477132
34.50000000000001,56.90000000000003,39.40438444185351
34.60000000000001,56.90000000000003,39.82206787591744
34.70000000000001,56.90000000000003,39.76138587489828
34.80000000000001,56.90000000000003,39.14044499016542
34.90000000000001,56.90000000000003,38.08069636458866
35.000000000000014,56.90000000000003,36.84070505268318
35.100000000000016,56.90000000000003,35.715518563005304
35.20000000000002,56.90000000000003,34.972174362971245
35.30000000000002,56.90000000000003,34.696996564579706
35.40000000000002,56.90000000000003,34.72077395107593
35.50000000000002,56.90000000000003,34.94001837119207
35.60000000000002,56.90000000000003,35.30999999998262
35.700000000000024,56.90000000000003,35.78648262430775
35.800000000000026,56.90000000000003,36.34704810793562
35.90000000000003,56.90000000000003,36.91774528628555
36.00000000000003,56.90000000000003,37.38994910822865
36.10000000000003,56.90000000000003,37.72217012188139
36.20000000000003,56.90000000000003,37.99046629359118
36.30000000000003,56.90000000000003,38.2144065088127
36.400000000000034,56.90000000000003,38.28179322293829
36.500000000000036,56.90000000000003,38.09999999997293
36.60000000000004,56.90000000000003,37.58690399637139
36.70000000000004,56.90000000000003,36.719999999969566
36.80000000000004,56.90000000000003,35.66999999995457
36.90000000000004,56.90000000000003,34.032950866071296
37.00000000000004,56.90000000000003,32.007017074634305
37.100000000000044,56.90000000000003,29.845124811912775
34.0,57.00000000000003,34.43999999996301
34.1,57.00000000000003,35.38154509798139
34.2,57.00000000000003,36.29999999996852
34.300000000000004,57.00000000000003,37.02324418825164
34.400000000000006,57.00000000000003,37.574200802220375
34.50000000000001,57.00000000000003,37.95982648074488
34.60000000000001,57.00000000000003,38.127967632656706
34.70000000000001,57.00000000000003,37.89769560869148
34.80000000000001,57.00000000000003,37.12577672012998
34.90000000000001,57.00000000000003,35.996409756216195
35.000000000000014,57.00000000000003,34.79187279083622
35.100000000000016,57.00000000000003,33.77856807197402
35.20000000000002,57.00000000000003,33.209999999993016
35.30000000000002,57.00000000000003,33.169999999969136
35.40000000000002,57.00000000000003,33.305789189764894
35.50000000000002,57.00000000000003,33.56581732639225
35.60000000000002,57.00000000000003,33.93755154864641
35.700000000000024,57.00000000000003,34.40065581407073
35.800000000000026,57.00000000000003,34.94362308860359
35.90000000000003,57.00000000000003,35.50389031189866
36.00000000000003,57.00000000000003,35.9957410783672
36.10000000000003,57.00000000000003,36.429801332867704
36.20000000000003,57.00000000000003,36.9509784640835
36.30000000000003,57.00000000000003,37.55515221765298
36.400000000000034,57.00000000000003,37.888620146966595
36.500000000000036,57.00000000000003,37.8041878990266
36.60000000000004,57.00000000000003,37.24999999999928
36.70000000000004,57.00000000000003,36.23127985688727
36.80000000000004,57.00000000000003,35.133950728749035
36.90000000000004,57.00000000000003,33.6400000000061
37.00000000000004,57.00000000000003,31.705600569954235
37.100000000000044,57.00000000000003,29.604112675647016
34.0,57.10000000000003,34.30000000000422
34.1,57.10000000000003,35.10804941365144
34.2,57.10000000000003,35.81186523759139
34.300000000000004,57.10000000000003,36.2501418618354
34.400000000000006,57.10000000000003,36.4342233059763
34.50000000000001,57.10000000000003,36.429999999984815
34.60000000000001,57.10000000000003,36.27671988088849
34.70000000000001,57.10000000000003,35.86000000000823
34.80000000000001,57.10000000000003,35.01033072302299
34.90000000000001,57.10000000000003,33.942658377361866
35.000000000000014,57.10000000000003,32.86916298468398
35.100000000000016,57.10000000000003,32.005444664627476
35.20000000000002,57.10000000000003,31.559384232723417
35.30000000000002,57.10000000000003,31.57569384776494
35.40000000000002,57.10000000000003,31.836554208486064
35.50000000000002,57.10000000000003,32.18933210714938
35.60000000000002,57.10000000000003,32.580838597784165
35.700000000000024,57.10000000000003,33.042013302987016
35.800000000000026,57.10000000000003,33.624603336009585
35.90000000000003,57.10000000000003,34.26842998496515
36.00000000000003,57.10000000000003,34.84561752560296
36.10000000000003,57.10000000000003,35.361854442666605
36.20000000000003,57.10000000000003,36.03000000000706
36.30000000000003,57.10000000000003,36.92000000000531
36.400000000000034,57.10000000000003,37.388469432602925
36.500000000000036,57.10000000000003,37.284967653709074
36.60000000000004,57.10000000000003,36.60041425252337
36.70000000000004,57.10000000000003,35.56000000004005
36.80000000000004,57.10000000000003,34.608822916584636
36.90000000000004,57.10000000000003,33.221498644106774
37.00000000000004,57.10000000000003,31.3550762572547
37.100000000000044,57.10000000000003,29.362896530522846
34.0,57.20000000000003,34.26121670106487
34.1,57.20000000000003,34.854011266442114
34.2,57.20000000000003,35.299581539820366
34.300000000000004,57.20000000000003,35.477124153969484
34.400000000000006,57.20000000000003,35.36524690673191
34.50000000000001,57.20000000000003,35.00547439571133
34.60000000000001,57.20000000000003,34.44672851473875
34.70000000000001,57.20000000000003,33.730000000033286
34.80000000000001,57.20000000000003,32.969404629558795
34.90000000000001,57.20000000000003,32.10109072869318
35.000000000000014,57.20000000000003,31.22319365120093
35.100000000000016,57.20000000000003,30.51925019840921
35.20000000000002,57.20000000000003,30.14875516182167
35.30000000000002,57.20000000000003,30.178952529354618
35.40000000000002,57.20000000000003,30.537589252653603
35.50000000000002,57.20000000000003,30.977704177995065
35.60000000000002,57.20000000000003,31.35737659049434
35.700000000000024,57.20000000000003,31.782646295329116
35.800000000000026,57.20000000000003,32.45601438198254
35.90000000000003,57.20000000000003,33.30446599850947
36.00000000000003,57.20000000000003,34.055136389634114
36.10000000000003,57.20000000000003,34.661785430477735
36.20000000000003,57.20000000000003,35.398676724071
36.30000000000003,57.20000000000003,36.275272376855746
36.400000000000034,57.20000000000003,36.809979172817414
36.500000000000036,57.20000000000003,36.740000000043295
36.60000000000004,57.20000000000003,36.03694447569119
36.70000000000004,57.20000000000003,35.0254007539436
36.80000000000004,57.20000000000003,34.219999999981134
36.90000000000004,57.20000000000003,32.88946339608873
37.00000000000004,57.20000000000003,31.09000000003234
37.100000000000044,57.20000000000003,29.24690019656019
34.0,57.30000000000003,34.32928063690157
34.1,57.30000000000003,34.703675066868044
34.2,57.30000000000003,34.90259258401801
34.300000000000004,57.30000000000003,34.84840458810767
34.400000000000006,57.30000000000003,34.515329921572274
34.50000000000001,57.30000000000003,33.91124261151009
34.60000000000001,57.30000000000003,33.098577799736645
34.70000000000001,57.30000000000003,32.25758302247935
34.80000000000001,57.30000000000003,31.501901535088507
34.90000000000001,57.30000000000003,30.753054871914316
35.000000000000014,57.30000000000003,30.02282056218415
35.100000000000016,57.30000000000003,29.462537009913447
35.20000000000002,57.30000000000003,29.203069280650453
35.30000000000002,57.30000000000003,29.27000000002407
35.40000000000002,57.30000000000003,29.658442495877082
35.50000000000002,57.30000000000003,30.088703654724128
35.60000000000002,57.30000000000003,30.375989372196386
35.700000000000024,57.30000000000003,30.664998171231517
35.800000000000026,57.30000000000003,31.45424425076594
35.90000000000003,57.30000000000003,32.60536310129669
36.00000000000003,57.30000000000003,33.582986824449975
36.10000000000003,57.30000000000003,34.20631958858364
36.20000000000003,57.30000000000003,34.94485508741344
36.30000000000003,57.30000000000003,35.78112595716548
36.400000000000034,57.30000000000003,36.32985296165116
36.500000000000036,57.30000000000003,36.341651074577854
36.60000000000004,57.30000000000003,35.66000000000461
36.70000000000004,57.30000000000003,34.44999999998976
36.80000000000004,57.30000000000003,33.68000000005363
36.90000000000004,57.30000000000003,32.564951403187806
37.00000000000004,57.30000000000003,31.035896949382796
37.100000000000044,57.30000000000003,29.357558661150307
34.0,57.400000000000034,34.50034585479392
34.1,57.400000000000034,34.68428784797483
34.2,57.400000000000034,34.67047980084759
34.300000000000004,57.400000000000034,34.42011542723736
34.400000000000006,57.400000000000034,33.93280320670081
34.50000000000001,57.400000000000034,33.220000000027525
34.60000000000001,57.400000000000034,32.329999999961444
34.70000000000001,57.400000000000034,31.487205931373325
34.80000000000001,57.400000000000034,30.733948576461543
34.90000000000001,57.400000000000034,30.011943076584274
35.000000000000014,57.400000000000034,29.330682619269766
35.100000000000016,57.400000000000034,28.858009682412785
35.20000000000002,57.400000000000034,28.74584356690316
35.30000000000002,57.400000000000034,28.919999999991575
35.40000000000002,57.400000000000034,29.150761836995457
35.50000000000002,57.400000000000034,29.441900950554626
35.60000000000002,57.400000000000034,29.649999999991266
35.700000000000024,57.400000000000034,29.79000000000042
35.800000000000026,57.400000000000034,30.692378473104526
35.90000000000003,57.400000000000034,32.04995184596457
36.00000000000003,57.400000000000034,33.21999999996444
36.10000000000003,57.400000000000034,33.84999999999704
36.20000000000003,57.400000000000034,34.6834685884251
36.30000000000003,57.400000000000034,35.5143939798161
36.400000000000034,57.400000000000034,36.000000000013166
36.500000000000036,57.400000000000034,35.97534679929703
36.60000000000004,57.400000000000034,35.31900159785064
36.70000000000004,57.400000000000034,34.238245716600986
36.80000000000004,57.400000000000034,33.270000000003456
36.90000000000004,57.400000000000034,32.33924351281351
37.00000000000004,57.400000000000034,31.128275143165176
37.100000000000044,57.400000000000034,29.634798183800243
34.0,57.500000000000036,34.76767915278843
34.1,57.500000000000036,34.79784306755647
34.2,57.500000000000036,34.608513870452526
34.300000000000004,57.500000000000036,34.188393530505195
34.400000000000006,57.500000000000036,33.57469320209107
34.50000000000001,57.500000000000036,32.8231566406736
34.60000000000001,57.500000000000036,32.00089090338257
34.70000000000001,57.500000000000036,31.21757428354529
34.80000000000001,57.500000000000036,30.484714418665845
34.90000000000001,57.500000000000036,29.77000000000089
35.000000000000014,57.500000000000036,29.08398363385568
35.100000000000016,57.500000000000036,28.610000000016882
35.20000000000002,57.500000000000036,28.49818690225095
35.30000000000002,57.500000000000036,28.578001925451943
35.40000000000002,57.500000000000036,28.674509295216964
35.50000000000002,57.500000000000036,28.836004854913654
35.60000000000002,57.500000000000036,29.06130002685265
35.700000000000024,57.500000000000036,29.437004028683234
35.800000000000026,57.500000000000036,30.35878790876349
35.90000000000003,57.500000000000036,31.6235166119055
36.00000000000003,57.500000000000036,32.75000000001664
36.10000000000003,57.500000000000036,33.71870180668613
36.20000000000003,57.500000000000036,34.68999999998388
36.30000000000003,57.500000000000036,35.46220663993739
36.400000000000034,57.500000000000036,35.81705176867139
36.500000000000036,57.500000000000036,35.64961570780893
36.60000000000004,57.500000000000036,35.037343712806035
36.70000000000004,57.500000000000036,34.180000000025096
36.80000000000004,57.500000000000036,33.24457622670705
36.90000000000004,57.500000000000036,32.36537834890141
37.00000000000004,57.500000000000036,31.329999999988473
37.100000000000044,57.500000000000036,29.969655776825782
34.0,57.60000000000004,35.11252108521947
34.1,57.60000000000004,35.030318105683804
34.2,57.60000000000004,34.709144201928396
34.300000000000004,57.60000000000004,34.15118428211363
34.400000000000006,57.60000000000004,33.430000000010864
34.50000000000001,57.60000000000004,32.66030719072144
34.60000000000001,57.60000000000004,31.915087029906346
34.70000000000001,57.60000000000004,31.221627663009485
34.80000000000001,57.60000000000004,30.526217120996492
34.90000000000001,57.60000000000004,29.839294627531828
35.000000000000014,57.60000000000004,29.194733891388637
35.100000000000016,57.60000000000004,28.71356294893721
35.20000000000002,57.60000000000004,28.472241427481364
35.30000000000002,57.60000000000004,28.36192459213271
35.40000000000002,57.60000000000004,28.33605270553082
35.50000000000002,57.60000000000004,28.46999999999882
35.60000000000002,57.60000000000004,28.853331518132237
35.700000000000024,57.60000000000004,29.495999636756864
35.800000000000026,57.60000000000004,30.478362594850807
35.90000000000003,57.60000000000004,31.660000000001915
36.00000000000003,57.60000000000004,32.78692310411222
36.10000000000003,57.60000000000004,33.856104820624466
36.20000000000003,57.60000000000004,34.81138869772839
36.30000000000003,57.60000000000004,35.46605981745334
36.400000000000034,57.60000000000004,35.64999999999765
36.500000000000036,57.60000000000004,35.28715030534524
36.60000000000004,57.60000000000004,34.63072793280956
36.70000000000004,57.60000000000004,33.921792663732
36.80000000000004,57.60000000000004,33.2098108733359
36.90000000000004,57.60000000000004,32.46550580230302
37.00000000000004,57.60000000000004,31.526999137970122
37.100000000000044,57.60000000000004,30.271349084338716
34.0,57.70000000000004,35.5011524197957
34.1,57.70000000000004,35.34649902737161
34.2,57.70000000000004,34.94570330333488
34.300000000000004,57.70000000000004,34.300357806501395
34.400000000000006,57.70000000000004,33.50971196248456
34.50000000000001,57.70000000000004,32.69570763696811
34.60000000000001,57.70000000000004,31.943899360155868
34.70000000000001,57.70000000000004,31.309999999983503
34.80000000000001,57.70000000000004,30.717760784336065
34.90000000000001,57.70000000000004,30.16096159706089
35.000000000000014,57.70000000000004,29.6025570978059
35.100000000000016,57.70000000000004,29.109551661960055
35.20000000000002,57.70000000000004,28.74999999999997
35.30000000000002,57.70000000000004,28.50413473327596
35.40000000000002,57.70000000000004,28.437991094683994
35.50000000000002,57.70000000000004,28.65289903304992
35.60000000000002,57.70000000000004,29.169396900148797
35.700000000000024,57.70000000000004,29.956687024621274
35.800000000000026,57.70000000000004,30.986568083621236
35.90000000000003,57.70000000000004,32.1378753850758
36.00000000000003,57.70000000000004,33.24748926121141
36.10000000000003,57.70000000000004,34.23809840972204
36.20000000000003,57.70000000000004,35.021154669327245
36.30000000000003,57.70000000000004,35.4617610845942
36.400000000000034,57.70000000000004,35.4376973408548
36.500000000000036,57.70000000000004,34.93098645786376
36.60000000000004,57.70000000000004,34.20898636988741
36.70000000000004,57.70000000000004,33.616467083579316
36.80000000000004,57.70000000000004,33.120362665809196
36.90000000000004,57.70000000000004,32.549999999952014
37.00000000000004,57.70000000000004,31.706110837431652
37.100000000000044,57.70000000000004,30.530552436558956
34.0,57.80000000000004,35.89254172388803
34.1,57.80000000000004,35.68564427857639
34.2,57.80000000000004,35.24999999999231
34.300000000000004,57.80000000000004,34.58088615988004
34.400000000000006,57.80000000000004,33.79408327440703
34.50000000000001,57.80000000000004,32.98607629195219
34.60000000000001,57.80000000000004,32.20405234216594
34.70000000000001,57.80000000000004,31.540000000020058
34.80000000000001,57.80000000000004,31.166183364275454
34.90000000000001,57.80000000000004,30.792415788206668
35.000000000000014,57.80000000000004,30.31489651729973
35.100000000000016,57.80000000000004,29.848256538280054
35.20000000000002,57.80000000000004,29.43000000000997
35.30000000000002,57.80000000000004,29.166288210735132
35.40000000000002,57.80000000000004,29.099999999978593
35.50000000000002,57.80000000000004,29.39413916912123
35.60000000000002,57.80000000000004,29.961724447142373
35.700000000000024,57.80000000000004,30.77782328020311
35.800000000000026,57.80000000000004,31.808554902075144
35.90000000000003,57.80000000000004,32.92477450173429
36.00000000000003,57.80000000000004,33.95798927781135
36.10000000000003,57.80000000000004,34.78701618144899
36.20000000000003,57.80000000000004,35.332331581133744
36.30000000000003,57.80000000000004,35.53859414359472
36.400000000000034,57.80000000000004,35.3940790401804
36.500000000000036,57.80000000000004,34.916649022201334
36.60000000000004,57.80000000000004,34.209999999994196
36.70000000000004,57.80000000000004,33.62665142979066
36.80000000000004,57.80000000000004,33.16538989872606
36.90000000000004,57.80000000000004,32.694397196479905
37.00000000000004,57.80000000000004,31.91297836652977
37.100000000000044,57.80000000000004,30.784605563187263
34.0,57.90000000000004,36.26918394402928
34.1,57.90000000000004,36.0063837833236
34.2,57.90000000000004,35.54997523600852
34.300000000000004,57.90000000000004,34.942651396470794
34.400000000000006,57.90000000000004,34.281677580767465
34.50000000000001,57.90000000000004,33.639123398800024
34.60000000000001,57.90000000000004,33.03969388435421
34.70000000000001,57.90000000000004,32.53418441234477
34.80000000000001,57.90000000000004,32.16426188052762
34.90000000000001,57.90000000000004,31.770000000003336
35.000000000000014,57.90000000000004,31.276267097922656
35.100000000000016,57.90000000000004,30.91614619496123
35.20000000000002,57.90000000000004,30.65000000000083
35.30000000000002,57.90000000000004,30.302434265837306
35.40000000000002,57.90000000000004,30.23144633548212
35.50000000000002,57.90000000000004,30.53000000000742
35.60000000000002,57.90000000000004,31.057831934256825
35.700000000000024,57.90000000000004,31.840000000004565
35.800000000000026,57.90000000000004,32.84936955549854
35.90000000000003,57.90000000000004,33.917286558078814
36.00000000000003,57.90000000000004,34.82538968741845
36.10000000000003,57.90000000000004,35.436611198905396
36.20000000000003,57.90000000000004,35.72185579327689
36.30000000000003,57.90000000000004,35.710482773586705
36.400000000000034,57.90000000000004,35.52688628639574
36.500000000000036,57.90000000000004,35.26303440748828
36.60000000000004,57.90000000000004,34.81000000000063
36.70000000000004,57.90000000000004,33.994458871236894
36.80000000000004,57.90000000000004,33.420000000033426
36.90000000000004,57.90000000000004,33.000000000023086
37.00000000000004,57.90000000000004,32.209999999993755
37.100000000000044,57.90000000000004,31.082382561190393
34.0,58.00000000000004,36.66289198294132
34.1,58.00000000000004,36.354882718767996
34.2,58.00000000000004,35.90113694185938
34.300000000000004,58.00000000000004,35.40048842851283
34.400000000000006,58.00000000000004,34.94707330253942
34.50000000000001,58.00000000000004,34.583835194033796
34.60000000000001,58.00000000000004,34.28651773563226
34.70000000000001,58.00000000000004,33.97000000000338
34.80000000000001,58.00000000000004,33.5162046602028
34.90000000000001,58.00000000000004,32.955918070077914
35.000000000000014,58.00000000000004,32.410000000004004
35.100000000000016,58.00000000000004,32.06643811771872
35.20000000000002,58.00000000000004,31.69000000001141
35.30000000000002,58.00000000000004,31.48040533090233
35.40000000000002,58.00000000000004,31.508799608598025
35.50000000000002,58.00000000000004,31.800000000024838
35.60000000000002,58.00000000000004,32.31627090129116
35.700000000000024,58.00000000000004,33.06000000000725
35.800000000000026,58.00000000000004,34.03845559713341
35.90000000000003,58.00000000000004,35.02941756875039
36.00000000000003,58.00000000000004,35.77096888571819
36.10000000000003,58.00000000000004,36.10734587724562
36.20000000000003,58.00000000000004,36.12000000000542
36.30000000000003,58.00000000000004,35.92729636699168
36.400000000000034,58.00000000000004,35.67999999997528
36.500000000000036,58.00000000000004,35.455039780202426
36.60000000000004,58.00000000000004,35.03078591818113
36.70000000000004,58.00000000000004,34.340000000017085
36.80000000000004,58.00000000000004,33.899749993944475
36.90000000000004,58.00000000000004,33.453860786383345
37.00000000000004,58.00000000000004,32.631439188428665
37.100000000000044,58.00000000000004,31.447205178064422
34.0,58.100000000000044,37.13006903117652
34.1,58.100000000000044,36.81220893397662
34.2,58.100000000000044,36.38229603552969
34.300000000000004,58.100000000000044,35.99600440006931
34.400000000000006,58.100000000000044,35.750014004740464
34.50000000000001,58.100000000000044,35.648778694614236
34.60000000000001,58.100000000000044,35.59999999998071
34.70000000000001,58.100000000000044,35.40966694794689
34.80000000000001,58.100000000000044,34.94973629692123
34.90000000000001,58.100000000000044,34.32674118784101
35.000000000000014,58.100000000000044,33.805235159597245
35.100000000000016,58.100000000000044,33.45000000000796
35.20000000000002,58.100000000000044,33.01821982715833
35.30000000000002,58.100000000000044,32.820934206879755
35.40000000000002,58.100000000000044,32.92139625309399
35.50000000000002,58.100000000000044,33.24555010106158
35.60000000000002,58.100000000000044,33.76435620419534
35.700000000000024,58.100000000000044,34.47323581683413
35.800000000000026,58.100000000000044,35.33017232854938
35.90000000000003,58.100000000000044,36.15265986072393
36.00000000000003,58.100000000000044,36.6999999999983
36.10000000000003,58.100000000000044,36.79033065373646
36.20000000000003,58.100000000000044,36.570000000010396
36.30000000000003,58.100000000000044,36.30179125973925
36.400000000000034,58.100000000000044,35.96809343852435
36.500000000000036,58.100000000000044,35.64000000001204
36.60000000000004,58.100000000000044,35.288361981082375
36.70000000000004,58.100000000000044,34.923247848454864
36.80000000000004,58.100000000000044,34.62000000001172
36.90000000000004,58.100000000000044,34.068961379646424
37.00000000000004,58.100000000000044,33.11384935013614
37.100000000000044,58.100000000000044,31.822674978520936
34.0,58.200000000000045,37.7028363805337
34.1,58.200000000000045,37.44524486931141
34.2,58.200000000000045,37.08000000001104
34.300000000000004,58.200000000000045,36.80338521615788
34.400000000000006,58.200000000000045,36.712270603092875
34.50000000000001,58.200000000000045,36.773789184595756
34.60000000000001,58.200000000000045,36.88069135503342
34.70000000000001,58.200000000000045,36.80427504564774
34.80000000000001,58.200000000000045,36.36813097353158
34.90000000000001,58.200000000000045,35.68400155010494
35.000000000000014,58.200000000000045,35.11785924759887
35.100000000000016,58.200000000000045,34.718350623833075
35.20000000000002,58.200000000000045,34.38858598830785
35.30000000000002,58.200000000000045,34.29895340482473
35.40000000000002,58.200000000000045,34.47716283646217
35.50000000000002,58.200000000000045,34.83402233488545
35.60000000000002,58.200000000000045,35.33635066810726
35.700000000000024,58.200000000000045,35.955461815662474
35.800000000000026,58.200000000000045,36.61248865787418
35.90000000000003,58.200000000000045,37.164160383719974
36.00000000000003,58.200000000000045,37.47293014329169
36.10000000000003,58.200000000000045,37.50912904688694
36.20000000000003,58.200000000000045,37.35999999997003
36.30000000000003,58.200000000000045,36.93147851407696
36.400000000000034,58.200000000000045,36.42999999998922
36.500000000000036,58.200000000000045,36.0098876111047
36.60000000000004,58.200000000000045,35.723153093206975
36.70000000000004,58.200000000000045,35.54519037409952
36.80000000000004,58.200000000000045,35.30999999997646
36.90000000000004,58.200000000000045,34.6374880052348
37.00000000000004,58.200000000000045,33.53086897671174
37.100000000000044,58.200000000000045,32.124799891430314
34.0,58.30000000000005,38.33034609670855
34.1,58.30000000000005,38.236415919196745
34.2,58.30000000000005,38.05399499908425
34.300000000000004,58.30000000000005,37.92000000002153
34.400000000000006,58.30000000000005,37.923601168306334
34.50000000000001,58.30000000000005,38.02000000002501
34.60000000000001,58.30000000000005,38.17709827022347
34.70000000000001,58.30000000000005,38.153839378236114
34.80000000000001,58.30000000000005,37.73000000002425
34.90000000000001,58.30000000000005,36.96000000000082
35.000000000000014,58.30000000000005,36.35033648878431
35.100000000000016,58.30000000000005,35.95357810753674
35.20000000000002,58.30000000000005,35.74999999999271
35.30000000000002,58.30000000000005,35.81867095016668
35.40000000000002,58.30000000000005,36.08000000001212
35.50000000000002,58.30000000000005,36.458305886413754
35.60000000000002,58.30000000000005,36.91825347796005
35.700000000000024,58.30000000000005,37.39470574116561
35.800000000000026,58.30000000000005,37.81000000000881
35.90000000000003,58.30000000000005,38.06899460395921
36.00000000000003,58.30000000000005,38.14783285839863
36.10000000000003,58.30000000000005,38.09999999999616
36.20000000000003,58.30000000000005,37.97657627524775
36.30000000000003,58.30000000000005,37.56531343881197
36.400000000000034,58.30000000000005,36.97999999998365
36.500000000000036,58.30000000000005,36.52743126903553
36.60000000000004,58.30000000000005,36.22477326111577
36.70000000000004,58.30000000000005,36.02068952152753
36.80000000000004,58.30000000000005,35.73074068005676
36.90000000000004,58.30000000000005,35.00255078306151
37.00000000000004,58.30000000000005,33.79850560463708
37.100000000000044,58.30000000000005,32.30958165140099
34.0,58.40000000000005,38.840000000016644
34.1,58.40000000000005,38.982384395320736
34.2,58.40000000000005,39.120172629121555
34.300000000000004,58.40000000000005,39.27000000001705
34.400000000000006,58.40000000000005,39.325284763589465
34.50000000000001,58.40000000000005,39.390303469528305
34.60000000000001,58.40000000000005,39.471962114929184
34.70000000000001,58.40000000000005,39.38999999999315
34.80000000000001,58.40000000000005,38.95774412946395
34.90000000000001,58.40000000000005,38.27942076674165
35.000000000000014,58.40000000000005,37.684140634371246
35.100000000000016,58.40000000000005,37.3050869556409
35.20000000000002,58.40000000000005,37.21000000001246
35.30000000000002,58.40000000000005,37.374671374370664
35.40000000000002,58.40000000000005,37.6600000000072
35.50000000000002,58.40000000000005,38.06845983159545
35.60000000000002,58.40000000000005,38.469703681095325
35.700000000000024,58.40000000000005,38.760915809371184
35.800000000000026,58.40000000000005,38.91242288162623
35.90000000000003,58.40000000000005,38.92883989453878
36.00000000000003,58.40000000000005,38.844563756283904
36.10000000000003,58.40000000000005,38.72118737365149
36.20000000000003,58.40000000000005,38.563594036615314
36.30000000000003,58.40000000000005,38.22999999999817
36.400000000000034,58.40000000000005,37.706649330651246
36.500000000000036,58.40000000000005,37.23237765503826
36.60000000000004,58.40000000000005,36.86299602064045
36.70000000000004,58.40000000000005,36.5399999999766
36.80000000000004,58.40000000000005,36.14794754999822
36.90000000000004,58.40000000000005,35.30780841653243
37.00000000000004,58.40000000000005,33.96986109249286
37.100000000000044,58.40000000000005,32.40707234484048
34.0,58.50000000000005,39.07425041285279
34.1,58.50000000000005,39.469765199753525
34.2,58.50000000000005,39.955398668644406
34.300000000000004,58.50000000000005,40.382401703423
34.400000000000006,58.50000000000005,40.57807759394714
34.50000000000001,58.50000000000005,40.66999162545868
34.60000000000001,58.50000000000005,40.683696463455874
34.70000000000001,58.50000000000005,40.51000000001821
34.80000000000001,58.50000000000005,40.121861872474696
34.90000000000001,58.50000000000005,39.5978578640199
35.000000000000014,58.50000000000005,39.121494315821025
35.100000000000016,58.50000000000005,38.79025635045093
35.20000000000002,58.50000000000005,38.64999999999539
35.30000000000002,58.50000000000005,38.89999999999421
35.40000000000002,58.50000000000005,39.25451805516309
35.50000000000002,58.50000000000005,39.69000000001638
35.60000000000002,58.50000000000005,40.00453642690279
35.700000000000024,58.50000000000005,40.0892434891565
35.800000000000026,58.50000000000005,39.979360234504924
35.90000000000003,58.50000000000005,39.79042118652096
36.00000000000003,58.50000000000005,39.58322847604268
36.10000000000003,58.50000000000005,39.391673379066305
36.20000000000003,58.50000000000005,39.192696665481364
36.30000000000003,58.50000000000005,38.901678652429055
36.400000000000034,58.50000000000005,38.48031562931814
36.500000000000036,58.50000000000005,38.038916444511926
36.60000000000004,58.50000000000005,37.65346571279703
36.70000000000004,58.50000000000005,37.26646387828076
36.80000000000004,58.50000000000005,36.692395949209356
36.90000000000004,58.50000000000005,35.66684959784234
37.00000000000004,58.50000000000005,34.130000000004756
37.100000000000044,58.50000000000005,32.48986383714038
34.0,58.60000000000005,39.23541154515941
34.1,58.60000000000005,39.8200000000017
34.2,58.60000000000005,40.57027463047862
34.300000000000004,58.60000000000005,41.21000000003515
34.400000000000006,58.60000000000005,41.54212016670711
34.50000000000001,58.60000000000005,41.771814016389754
34.60000000000001,58.60000000000005,41.81877114659413
34.70000000000001,58.60000000000005,41.612888611116844
34.80000000000001,58.60000000000005,41.25245628765438
34.90000000000001,58.60000000000005,40.859451691983736
35.000000000000014,58.60000000000005,40.56095842046359
35.100000000000016,58.60000000000005,40.427995155199184
35.20000000000002,58.60000000000005,40.39000000001761
35.30000000000002,58.60000000000005,40.33999999998805
35.40000000000002,58.60000000000005,40.79763210554431
35.50000000000002,58.60000000000005,41.262806395630946
35.60000000000002,58.60000000000005,41.4774921107481
35.700000000000024,58.60000000000005,41.379797267758065
35.800000000000026,58.60000000000005,41.039999999981106
35.90000000000003,58.60000000000005,40.65355529365749
36.00000000000003,58.60000000000005,40.330000000008724
36.10000000000003,58.60000000000005,40.09425416651392
36.20000000000003,58.60000000000005,39.869999999983605
36.30000000000003,58.60000000000005,39.59919692105342
36.400000000000034,58.60000000000005,39.22167441674766
36.500000000000036,58.60000000000005,38.77048232440505
36.60000000000004,58.60000000000005,38.31482540207065
36.70000000000004,58.60000000000005,37.79999999999987
36.80000000000004,58.60000000000005,36.98581842317559
36.90000000000004,58.60000000000005,35.82000000000159
37.00000000000004,58.60000000000005,34.22187113077305
37.100000000000044,58.60000000000005,32.57716981079238
34.0,58.70000000000005,39.57453629550233
34.1,58.70000000000005,40.34690112871509
34.2,58.70000000000005,41.18981790357937
34.300000000000004,58.70000000000005,41.885220200562145
34.400000000000006,58.70000000000005,42.35999999998512
34.50000000000001,58.70000000000005,42.78281067201324
34.60000000000001,58.70000000000005,42.85000000003893
34.70000000000001,58.70000000000005,42.60627161376317
34.80000000000001,58.70000000000005,42.26712062418467
34.90000000000001,58.70000000000005,41.9649174081283
35.000000000000014,58.70000000000005,41.802270314600946
35.100000000000016,58.70000000000005,41.821894954186035
35.20000000000002,58.70000000000005,41.90583362120803
35.30000000000002,58.70000000000005,42.002222186183076
35.40000000000002,58.70000000000005,42.340000000011145
35.50000000000002,58.70000000000005,42.61666798161313
35.60000000000002,58.70000000000005,42.72092534046671
35.700000000000024,58.70000000000005,42.46112143956472
35.800000000000026,58.70000000000005,41.95999999999998
35.90000000000003,58.70000000000005,41.38700909922194
36.00000000000003,58.70000000000005,41.01475336069083
36.10000000000003,58.70000000000005,40.808361012482294
36.20000000000003,58.70000000000005,40.60215089327154
36.30000000000003,58.70000000000005,40.326203040620825
36.400000000000034,58.70000000000005,39.92094556117735
36.500000000000036,58.70000000000005,39.35862162643015
36.60000000000004,58.70000000000005,38.679999999984474
36.70000000000004,58.70000000000005,37.87939886023861
36.80000000000004,58.70000000000005,36.79654833034877
36.90000000000004,58.70000000000005,35.459999999983424
37.00000000000004,58.70000000000005,34.08658214485099
37.100000000000044,58.70000000000005,32.64252905619666
34.0,58.800000000000054,40.115465225165124
34.1,58.800000000000054,41.05797703876627
34.2,58.800000000000054,41.95955410401643
34.300000000000004,58.800000000000054,42.69195896857214
34.400000000000006,58.800000000000054,43.272318806284304
34.50000000000001,58.800000000000054,43.68000000000609
34.60000000000001,58.800000000000054,43.616632629761696
34.70000000000001,58.800000000000054,43.36751554610946
34.80000000000001,58.800000000000054,43.095514704955804
34.90000000000001,58.800000000000054,42.866813263907915
35.000000000000014,58.800000000000054,42.77612227711863
35.100000000000016,58.800000000000054,42.891445615251214
35.20000000000002,58.800000000000054,43.15590597839886
35.30000000000002,58.800000000000054,43.381597641036976
35.40000000000002,58.800000000000054,43.454030920091796
35.50000000000002,58.800000000000054,43.4769708173221
35.60000000000002,58.800000000000054,43.57000000000352
35.700000000000024,58.800000000000054,43.19532299535685
35.800000000000026,58.800000000000054,42.480000000006484
35.90000000000003,58.800000000000054,41.9472481324795
36.00000000000003,58.800000000000054,41.59746606662431
36.10000000000003,58.800000000000054,41.44999999999321
36.20000000000003,58.800000000000054,41.27231255952614
36.30000000000003,58.800000000000054,41.01558476925052
36.400000000000034,58.800000000000054,40.58223636411809
36.500000000000036,58.800000000000054,39.88546800334967
36.60000000000004,58.800000000000054,38.969423199723025
36.70000000000004,58.800000000000054,37.888640905834094
36.80000000000004,58.800000000000054,36.65482216248775
36.90000000000004,58.800000000000054,35.360440508218204
37.00000000000004,58.800000000000054,34.112731808121794
37.100000000000044,58.800000000000054,32.80857230270416
34.0,58.900000000000055,40.779735214198354
34.1,58.900000000000055,41.87773398487498
34.2,58.900000000000055,42.81816922663977
34.300000000000004,58.900000000000055,43.502619844866445
34.400000000000006,58.900000000000055,43.96240344578868
34.50000000000001,58.900000000000055,44.15828656238868
34.60000000000001,58.900000000000055,44.06000000002473
34.70000000000001,58.900000000000055,43.943159520029866
34.80000000000001,58.900000000000055,43.78856063588607
34.90000000000001,58.900000000000055,43.63470980544834
35.000000000000014,58.900000000000055,43.60022150202039
35.100000000000016,58.900000000000055,43.78999999999297
35.20000000000002,58.900000000000055,44.20294239912802
35.30000000000002,58.900000000000055,44.51000000000997
35.40000000000002,58.900000000000055,44.41867111362757
35.50000000000002,58.900000000000055,44.17000000002203
35.60000000000002,58.900000000000055,44.17292996022739
35.700000000000024,58.900000000000055,43.899588983363685
35.800000000000026,58.900000000000055,43.36000000000993
35.90000000000003,58.900000000000055,42.72318920748238
36.00000000000003,58.900000000000055,42.23999999999222
36.10000000000003,58.900000000000055,42.00256744624713
36.20000000000003,58.900000000000055,41.80708938149574
36.30000000000003,58.900000000000055,41.60404504061428
36.400000000000034,58.900000000000055,41.185070364736504
36.500000000000036,58.900000000000055,40.39016496671432
36.60000000000004,58.900000000000055,39.33913280953125
36.70000000000004,58.900000000000055,38.09490231015175
36.80000000000004,58.900000000000055,36.813720594045094
36.90000000000004,58.900000000000055,35.589364760398965
37.00000000000004,58.900000000000055,34.399999999974895
37.100000000000044,58.900000000000055,33.12697401431569
34.0,59.00000000000006,41.49999999998742
34.1,59.00000000000006,42.69999999995787
34.2,59.00000000000006,43.61601561129609
34.300000000000004,59.00000000000006,44.17002841326966
34.400000000000006,59.00000000000006,44.437542197641065
34.50000000000001,59.00000000000006,44.499999999977916
34.60000000000001,59.00000000000006,44.48372086105012
34.70000000000001,59.00000000000006,44.49000000000264
34.80000000000001,59.00000000000006,44.43092094129301
34.90000000000001,59.00000000000006,44.36155942016427
35.000000000000014,59.00000000000006,44.41000000001556
35.100000000000016,59.00000000000006,44.678489538320704
35.20000000000002,59.00000000000006,45.119581783589354
35.30000000000002,59.00000000000006,45.46770018540464
35.40000000000002,59.00000000000006,45.518081143040135
35.50000000000002,59.00000000000006,45.35000000001929
35.60000000000002,59.00000000000006,44.96000000000052
35.700000000000024,59.00000000000006,44.49631410506866
35.800000000000026,59.00000000000006,43.99307838916771
35.90000000000003,59.00000000000006,43.4978834300106
36.00000000000003,59.00000000000006,43.07999999997661
36.10000000000003,59.00000000000006,42.643646505725954
36.20000000000003,59.00000000000006,42.2900000000316
36.30000000000003,59.00000000000006,42.072943680228946
36.400000000000034,59.00000000000006,41.6399999999805
36.500000000000036,59.00000000000006,40.785011676985874
36.60000000000004,59.00000000000006,39.85130602436459
36.70000000000004,59.00000000000006,38.55999999999706
36.80000000000004,59.00000000000006,37.2247758422473
36.90000000000004,59.00000000000006,35.983281532332285
37.00000000000004,59.00000000000006,34.77876322057588
37.100000000000044,59.00000000000006,33.518773572383154
34.0,59.10000000000006,42.252223896989406
34.1,59.10000000000006,43.38956478940375
34.2,59.10000000000006,44.240000000009104
34.300000000000004,59.10000000000006,44.671294246093524
34.400000000000006,59.10000000000006,44.80423774393573
34.50000000000001,59.10000000000006,44.819466094723225
34.60000000000001,59.10000000000006,44.865790912393166
34.70000000000001,59.10000000000006,44.9689321501517
34.80000000000001,59.10000000000006,45.03643645192324
34.90000000000001,59.10000000000006,45.07772873140786
35.000000000000014,59.10000000000006,45.212325552505646
35.100000000000016,59.10000000000006,45.51136988192651
35.20000000000002,59.10000000000006,45.90743463174235
35.30000000000002,59.10000000000006,46.224318267059104
35.40000000000002,59.10000000000006,46.31120691865432
35.50000000000002,59.10000000000006,46.08380274854741
35.60000000000002,59.10000000000006,45.51707813075535
35.700000000000024,59.10000000000006,44.846933822748625
35.800000000000026,59.10000000000006,44.31201756931078
35.90000000000003,59.10000000000006,44.00163425869533
36.00000000000003,59.10000000000006,43.71282953444917
36.10000000000003,59.10000000000006,43.27505555636502
36.20000000000003,59.10000000000006,42.826406759001145
36.30000000000003,59.10000000000006,42.48697097951404
36.400000000000034,59.10000000000006,41.95428662533219
36.500000000000036,59.10000000000006,41.05000000000162
36.60000000000004,59.10000000000006,40.39999999998443
36.70000000000004,59.10000000000006,39.15049919700323
36.80000000000004,59.10000000000006,37.73233764849165
36.90000000000004,59.10000000000006,36.43017066643863
37.00000000000004,59.10000000000006,35.195637410408494
37.100000000000044,59.10000000000006,33.943591217000034
34.0,59.20000000000006,42.93774524385981
34.1,59.20000000000006,43.95426413453079
34.2,59.20000000000006,44.69759477023119
34.300000000000004,59.20000000000006,45.04201306708603
34.400000000000006,59.20000000000006,45.09000000000955
34.50000000000001,59.20000000000006,45.07136866365276
34.60000000000001,59.20000000000006,45.16221279235083
34.70000000000001,59.20000000000006,45.40466956695897
34.80000000000001,59.20000000000006,45.65115476017051
34.90000000000001,59.20000000000006,45.80156337897269
35.000000000000014,59.20000000000006,45.98703225369408
35.100000000000016,59.20000000000006,46.26210608299999
35.20000000000002,59.20000000000006,46.5556568968823
35.30000000000002,59.20000000000006,46.746675104290915
35.40000000000002,59.20000000000006,46.71741502820572
35.50000000000002,59.20000000000006,46.39077383750204
35.60000000000002,59.20000000000006,45.79204091388134
35.700000000000024,59.20000000000006,45.11016630011869
35.800000000000026,59.20000000000006,44.61999999998832
35.90000000000003,59.20000000000006,44.481531077594795
36.00000000000003,59.20000000000006,44.298708855987286
36.10000000000003,59.20000000000006,43.89601424511821
36.20000000000003,59.20000000000006,43.3976267140125
36.30000000000003,59.20000000000006,42.96999999999555
36.400000000000034,59.20000000000006,42.50000000002595
36.500000000000036,59.20000000000006,41.494205816742806
36.60000000000004,59.20000000000006,40.489044430492825
36.70000000000004,59.20000000000006,39.33871735907876
36.80000000000004,59.20000000000006,38.06556944933561
36.90000000000004,59.20000000000006,36.82392178402924
37.00000000000004,59.20000000000006,35.61614825697761
37.100000000000044,59.20000000000006,34.39019876799604
34.0,59.30000000000006,43.53481835420841
34.1,59.30000000000006,44.43221514525328
34.2,59.30000000000006,45.08896144191894
34.300000000000004,59.30000000000006,45.364402233696
34.400000000000006,59.30000000000006,45.34756679299882
34.50000000000001,59.30000000000006,45.27491642944889
34.60000000000001,59.30000000000006,45.37626107378348
34.70000000000001,59.30000000000006,45.800000000027595
34.80000000000001,59.30000000000006,46.33940495757801
34.90000000000001,59.30000000000006,46.59000000001885
35.000000000000014,59.30000000000006,46.767061665293355
35.100000000000016,59.30000000000006,46.95572920780067
35.20000000000002,59.30000000000006,47.10010264235524
35.30000000000002,59.30000000000006,47.11901455479109
35.40000000000002,59.30000000000006,46.946772320696354
35.50000000000002,59.30000000000006,46.56437796107349
35.60000000000002,59.30000000000006,46.036358133139885
35.700000000000024,59.30000000000006,45.52501217335724
35.800000000000026,59.30000000000006,45.22908440865372
35.90000000000003,59.30000000000006,45.159999999992266
36.00000000000003,59.30000000000006,44.965531607957345
36.10000000000003,59.30000000000006,44.534789944792536
36.20000000000003,59.30000000000006,43.989463813802814
36.30000000000003,59.30000000000006,43.46738954240436
36.400000000000034,59.30000000000006,42.81999999999353
36.500000000000036,59.30000000000006,41.69800577416383
36.60000000000004,59.30000000000006,40.429999999973575
36.70000000000004,59.30000000000006,39.33979705681972
36.80000000000004,59.30000000000006,38.2666287164066
36.90000000000004,59.30000000000006,37.16469224384015
37.00000000000004,59.30000000000006,36.03443804178957
37.100000000000044,59.30000000000006,34.85543986070496
34.0,59.40000000000006,44.06616315490541
34.1,59.40000000000006,44.85000000005634
34.2,59.40000000000006,45.44000000004077
34.300000000000004,59.40000000000006,45.66000000000801
34.400000000000006,59.40000000000006,45.6119304244782
34.50000000000001,59.40000000000006,45.51478236049515
34.60000000000001,59.40000000000006,45.59607585741932
34.70000000000001,59.40000000000006,46.11000000000769
34.80000000000001,59.40000000000006,47.0100000000116
34.90000000000001,59.40000000000006,47.39381451028497
35.000000000000014,59.40000000000006,47.514502953417775
35.100000000000016,59.40000000000006,47.59043373829141
35.20000000000002,59.40000000000006,47.58423375979088
35.30000000000002,59.40000000000006,47.43515437193133
35.40000000000002,59.40000000000006,47.139503247590966
35.50000000000002,59.40000000000006,46.74208383765425
35.60000000000002,59.40000000000006,46.329999999994655
35.700000000000024,59.40000000000006,46.019942391102546
35.800000000000026,59.40000000000006,45.87609349690831
35.90000000000003,59.40000000000006,45.80617833974277
36.00000000000003,59.40000000000006,45.57000000003521
36.10000000000003,59.40000000000006,45.07887543310221
36.20000000000003,59.40000000000006,44.446539571152655
36.30000000000003,59.40000000000006,43.75902350354515
36.400000000000034,59.40000000000006,42.92667663206328
36.500000000000036,59.40000000000006,41.81774286041454
36.60000000000004,59.40000000000006,40.61207194591343
36.70000000000004,59.40000000000006,39.536824615328456
36.80000000000004,59.40000000000006,38.54289994132043
36.90000000000004,59.40000000000006,37.536851403823164
37.00000000000004,59.40000000000006,36.47816866948973
37.100000000000044,59.40000000000006,35.34522663464382
34.0,59.500000000000064,44.540716244163846
34.1,59.500000000000064,45.216403093825846
34.2,59.500000000000064,45.683391088633414
34.300000000000004,59.500000000000064,45.88541220806805
34.400000000000006,59.500000000000064,45.895114890441945
34.50000000000001,59.500000000000064,45.89355138844172
34.60000000000001,59.500000000000064,46.06346353759888
34.70000000000001,59.500000000000064,46.569999999952856
34.80000000000001,59.500000000000064,47.3875490519269
34.90000000000001,59.500000000000064,47.87877524255774
35.000000000000014,59.500000000000064,48.061260943036004
35.100000000000016,59.500000000000064,48.12115685332476
35.20000000000002,59.500000000000064,48.03222953736443
35.30000000000002,59.500000000000064,47.74567481359985
35.40000000000002,59.500000000000064,47.34692519508776
35.50000000000002,59.500000000000064,46.94866335920429
35.60000000000002,59.500000000000064,46.64223559046229
35.700000000000024,59.500000000000064,46.471320545322286
35.800000000000026,59.500000000000064,46.3928492531616
35.90000000000003,59.500000000000064,46.29000000000542
36.00000000000003,59.500000000000064,45.99113947497945
36.10000000000003,59.500000000000064,45.44864091652782
36.20000000000003,59.500000000000064,44.725814528913475
36.30000000000003,59.500000000000064,43.900000000052245
36.400000000000034,59.500000000000064,42.986451756458834
36.500000000000036,59.500000000000064,41.96485861594307
36.60000000000004,59.500000000000064,40.909999999981636
36.70000000000004,59.500000000000064,39.894664703528804
36.80000000000004,59.500000000000064,38.93685365556793
36.90000000000004,59.500000000000064,37.97868618982476
37.00000000000004,59.500000000000064,36.96332189502829
37.100000000000044,59.500000000000064,35.859839622081864
34.0,59.600000000000065,44.89996202281162
34.1,59.600000000000065,45.45537158855667
34.2,59.600000000000065,45.791747468090406
34.300000000000004,59.600000000000065,46.01101702193256
34.400000000000006,59.600000000000065,46.15259349237843
34.50000000000001,59.600000000000065,46.36063601668478
34.60000000000001,59.600000000000065,46.75445630004691
34.70000000000001,59.600000000000065,47.310000000006
34.80000000000001,59.600000000000065,47.79344710399515
34.90000000000001,59.600000000000065,48.176848758891154
35.000000000000014,59.600000000000065,48.4200000000358
35.100000000000016,59.600000000000065,48.5473633835536
35.20000000000002,59.600000000000065,48.4668250529855
35.30000000000002,59.600000000000065,48.070000000044644
35.40000000000002,59.600000000000065,47.57420745210777
35.50000000000002,59.600000000000065,47.16840011942152
35.60000000000002,59.600000000000065,46.94055107893796
35.700000000000024,59.600000000000065,46.87000000002104
35.800000000000026,59.600000000000065,46.811815195956086
35.90000000000003,59.600000000000065,46.651865123678064
36.00000000000003,59.600000000000065,46.31247516090332
36.10000000000003,59.600000000000065,45.72472460472554
36.20000000000003,59.600000000000065,44.92381732293306
36.30000000000003,59.600000000000065,44.007458226170016
36.400000000000034,59.600000000000065,43.05326535431888
36.500000000000036,59.600000000000065,42.10000000000029
36.60000000000004,59.600000000000065,41.17188005018819
36.70000000000004,59.600000000000065,40.26914720968429
36.80000000000004,59.600000000000065,39.37892922544603
36.90000000000004,59.600000000000065,38.46253054523255
37.00000000000004,59.600000000000065,37.47317523545597
37.100000000000044,59.600000000000065,36.38262481850887
34.0,59.70000000000007,45.08937251994472
34.1,59.70000000000007,45.52999999996024
34.2,59.70000000000007,45.721935027621186
34.300000000000004,59.70000000000007,45.99999999999544
34.400000000000006,59.70000000000007,46.31424338820007
34.50000000000001,59.70000000000007,46.76358828105768
34.60000000000001,59.70000000000007,47.32962292405419
34.70000000000001,59.70000000000007,47.84567118187063
34.80000000000001,59.70000000000007,48.17999999995712
34.90000000000001,59.70000000000007,48.48862404907709
35.000000000000014,59.70000000000007,48.73940886996384
35.100000000000016,59.70000000000007,48.890000000007305
35.20000000000002,59.70000000000007,48.83999999997047
35.30000000000002,59.70000000000007,48.365095567545794
35.40000000000002,59.70000000000007,47.79518277977404
35.50000000000002,59.70000000000007,47.4050891690963
35.60000000000002,59.70000000000007,47.26000000002952
35.700000000000024,59.70000000000007,47.294186529347755
35.800000000000026,59.70000000000007,47.30071764572098
35.90000000000003,59.70000000000007,47.120000000052045
36.00000000000003,59.70000000000007,46.72419454626747
36.10000000000003,59.70000000000007,46.04110767793806
36.20000000000003,59.70000000000007,45.13942280247872
36.30000000000003,59.70000000000007,44.14027681174156
36.400000000000034,59.70000000000007,43.14999269823228
36.500000000000036,59.70000000000007,42.23994622917107
36.60000000000004,59.70000000000007,41.421064257091814
36.70000000000004,59.70000000000007,40.63525989417032
36.80000000000004,59.70000000000007,39.82145294733958
36.90000000000004,59.70000000000007,38.94366465828483
37.00000000000004,59.70000000000007,37.969999999968564
37.100000000000044,59.70000000000007,36.88245017616178
34.0,59.80000000000007,45.12764889942585
34.1,59.80000000000007,45.557496336050676
34.2,59.80000000000007,45.740000000060675
34.300000000000004,59.80000000000007,46.04000000005149
34.400000000000006,59.80000000000007,46.50999999999692
34.50000000000001,59.80000000000007,47.14216304157624
34.60000000000001,59.80000000000007,47.81606365496535
34.70000000000001,59.80000000000007,48.35543406920124
34.80000000000001,59.80000000000007,48.68846419951042
34.90000000000001,59.80000000000007,48.93057545112235
35.000000000000014,59.80000000000007,49.11418788730464
35.100000000000016,59.80000000000007,49.178172973615204
35.20000000000002,59.80000000000007,49.007113093182895
35.30000000000002,59.80000000000007,48.51829233605781
35.40000000000002,59.80000000000007,47.98249204853116
35.50000000000002,59.80000000000007,47.69700771315563
35.60000000000002,59.80000000000007,47.68130181028654
35.700000000000024,59.80000000000007,47.817603002794925
35.800000000000026,59.80000000000007,47.92313265622971
35.90000000000003,59.80000000000007,47.79999999999838
36.00000000000003,59.80000000000007,47.270511534383076
36.10000000000003,59.80000000000007,46.436544457472735
36.20000000000003,59.80000000000007,45.42195993504278
36.30000000000003,59.80000000000007,44.34977492619315
36.400000000000034,59.80000000000007,43.32699629209725
36.500000000000036,59.80000000000007,42.447647639487755
36.60000000000004,59.80000000000007,41.72821413190648
36.70000000000004,59.80000000000007,41.0298623350979
36.80000000000004,59.80000000000007,40.24956557507849
36.90000000000004,59.80000000000007,39.38413283320379
37.00000000000004,59.80000000000007,38.412276539217444
37.100000000000044,59.80000000000007,37.32732013305534
34.0,59.90000000000007,45.04299199132602
34.1,59.90000000000007,45.65116138622298
34.2,59.90000000000007,46.169999999883316
34.300000000000004,59.90000000000007,46.48999999999462
34.400000000000006,59.90000000000007,46.92999999998487
34.50000000000001,59.90000000000007,47.57889942453198
34.60000000000001,59.90000000000007,48.2982720814875
34.70000000000001,59.90000000000007,48.90000000003708
34.80000000000001,59.90000000000007,49.26949392545964
34.90000000000001,59.90000000000007,49.469999999961686
35.000000000000014,59.90000000000007,49.55268743199058
35.100000000000016,59.90000000000007,49.47323543102722
35.20000000000002,59.90000000000007,49.179186344900444
35.30000000000002,59.90000000000007,48.69616731641092
35.40000000000002,59.90000000000007,48.24999999992191
35.50000000000002,59.90000000000007,48.10772623435773
35.60000000000002,59.90000000000007,48.1919626860759
35.700000000000024,59.90000000000007,48.366672323254775
35.800000000000026,59.90000000000007,48.47342678215226
35.90000000000003,59.90000000000007,48.31214111324488
36.00000000000003,59.90000000000007,47.74152539364367
36.10000000000003,59.90000000000007,46.84548339574859
36.20000000000003,59.90000000000007,45.77999999999139
36.30000000000003,59.90000000000007,44.68508131577485
36.400000000000034,59.90000000000007,43.661487747876194
36.500000000000036,59.90000000000007,42.80999999999034
36.60000000000004,59.90000000000007,42.16729301395631
36.70000000000004,59.90000000000007,41.48940546388381
36.80000000000004,59.90000000000007,40.64328908232717
36.90000000000004,59.90000000000007,39.7499999999807
37.00000000000004,59.90000000000007,38.77665407187078
37.100000000000044,59.90000000000007,37.70430329547544
34.0,60.00000000000007,44.761496913925725
34.1,60.00000000000007,45.387069675274304
34.2,60.00000000000007,45.95000000000282
34.300000000000004,60.00000000000007,46.56075868484277
34.400000000000006,60.00000000000007,47.199265341037716
34.50000000000001,60.00000000000007,47.92526310292162
34.60000000000001,60.00000000000007,48.68227683883845
34.70000000000001,60.00000000000007,49.33218600559107
34.80000000000001,60.00000000000007,49.77398897370453
34.90000000000001,60.00000000000007,50.00000000008119
35.000000000000014,60.00000000000007,50.004949921214546
35.100000000000016,60.00000000000007,49.82629056866307
35.20000000000002,60.00000000000007,49.48878293780707
35.30000000000002,60.00000000000007,49.07029411229823
35.40000000000002,60.00000000000007,48.749667909548236
35.50000000000002,60.00000000000007,48.66999999995598
35.60000000000002,60.00000000000007,48.750451884250865
35.700000000000024,60.00000000000007,48.874625019255234
35.800000000000026,60.00000000000007,48.900960515844105
35.90000000000003,60.00000000000007,48.67273626965867
36.00000000000003,60.00000000000007,48.10162087983832
36.10000000000003,60.00000000000007,47.236598395802304
36.20000000000003,60.00000000000007,46.20884334339324
36.30000000000003,60.00000000000007,45.154366200483494
36.400000000000034,60.00000000000007,44.18117919325769
36.500000000000036,60.00000000000007,43.37517552380869
36.60000000000004,60.00000000000007,42.72238939493339
36.70000000000004,60.00000000000007,41.990000000079846
36.80000000000004,60.00000000000007,41.000000000033424
36.90000000000004,60.00000000000007,40.04879845109049
37.00000000000004,60.00000000000007,39.08238383156474
37.100000000000044,60.00000000000007,38.03271984828177
34.0,60.10000000000007,44.37814247799318
34.1,60.10000000000007,45.0030527220881
34.2,60.10000000000007,45.64747435724253
34.300000000000004,60.10000000000007,46.414206064435035
34.400000000000006,60.10000000000007,47.245089023010564
34.50000000000001,60.10000000000007,48.09133780036343
34.60000000000001,60.10000000000007,48.90469625642234
34.70000000000001,60.10000000000007,49.59872778513136
34.80000000000001,60.10000000000007,50.09615494547616
34.90000000000001,60.10000000000007,50.35649852656745
35.000000000000014,60.10000000000007,50.37251618733046
35.100000000000016,60.10000000000007,50.19531001567097
35.20000000000002,60.10000000000007,49.896037431584816
35.30000000000002,60.10000000000007,49.57010856377815
35.40000000000002,60.10000000000007,49.337726178531256
35.50000000000002,60.10000000000007,49.26243435242047
35.60000000000002,60.10000000000007,49.29209795591386
35.700000000000024,60.10000000000007,49.33017395458191
35.800000000000026,60.10000000000007,49.262024177586056
35.90000000000003,60.10000000000007,48.976312311563575
36.00000000000003,60.10000000000007,48.417025642567495
36.10000000000003,60.10000000000007,47.615988653144484
36.20000000000003,60.10000000000007,46.66990950121648
36.30000000000003,60.10000000000007,45.69208296723433
36.400000000000034,60.10000000000007,44.77761154644264
36.500000000000036,60.10000000000007,43.97745564056939
36.60000000000004,60.10000000000007,43.24476121457336
36.70000000000004,60.10000000000007,42.41450078933731
36.80000000000004,60.10000000000007,41.41220552160067
36.90000000000004,60.10000000000007,40.4028217661654
37.00000000000004,60.10000000000007,39.404578800159314
37.100000000000044,60.10000000000007,38.356171618238974
